TEAM_ID,TEAM_NAME,GP,W,L,W_PCT,MIN,FGM,FGA,FG_PCT,FG3M,FG3A,FG3_PCT,FTM,FTA,FT_PCT,OREB,DREB,REB,AST,TOV,STL,BLK,BLKA,PF,PFD,PTS,PLUS_MINUS,TEAM_LOGO_URL
1610612737,Atlanta Hawks,82,46,36,0.561,3951.0,3575,7541,0.474,1201,3237,0.371,1363,1762,0.774,900,2670,3570,2471,1162.0,768,384,402,1612,1515,9714,198.0,https://cdn.nba.com/logos/nba/1610612737/global/L/logo.svg
1610612738,Boston Celtics,82,56,26,0.683,3946.0,3456,7398,0.467,1268,3456,0.367,1238,1534,0.807,1025,2777,3802,2021,1014.0,585,410,339,1562,1508,9418,631.0,https://cdn.nba.com/logos/nba/1610612738/global/L/logo.svg
1610612751,Brooklyn Nets,82,20,62,0.244,3951.0,3071,6933,0.443,1073,3152,0.34,1471,1885,0.78,847,2378,3225,2050,1292.0,653,350,436,1728,1595,8686,-819.0,https://cdn.nba.com/logos/nba/1610612751/global/L/logo.svg
1610612766,Charlotte Hornets,82,44,38,0.537,3951.0,3357,7292,0.46,1343,3549,0.378,1456,1780,0.818,1048,2730,3778,2160,1264.0,577,370,364,1564,1626,9513,396.0,https://cdn.nba.com/logos/nba/1610612766/global/L/logo.svg
1610612741,Chicago Bulls,82,31,51,0.378,3951.0,3476,7417,0.469,1169,3287,0.356,1416,1824,0.776,849,2845,3694,2335,1257.0,627,410,457,1561,1545,9537,-427.0,https://cdn.nba.com/logos/nba/1610612741/global/L/logo.svg
1610612739,Cleveland Cavaliers,82,52,30,0.634,3951.0,3554,7381,0.482,1173,3261,0.36,1520,1959,0.776,961,2682,3643,2321,1147.0,697,409,354,1605,1683,9801,337.0,https://cdn.nba.com/logos/nba/1610612739/global/L/logo.svg
1610612742,Dallas Mavericks,82,26,56,0.317,3971.0,3432,7366,0.466,899,2615,0.344,1595,2113,0.755,863,2803,3666,2072,1193.0,619,423,432,1508,1723,9358,-452.0,https://cdn.nba.com/logos/nba/1610612742/global/L/logo.svg
1610612743,Denver Nuggets,82,54,28,0.659,3986.0,3570,7196,0.496,1161,2934,0.396,1709,2116,0.808,801,2805,3606,2375,1057.0,560,325,380,1569,1759,10010,422.0,https://cdn.nba.com/logos/nba/1610612743/global/L/logo.svg
1610612765,Detroit Pistons,82,60,22,0.732,3961.0,3560,7340,0.485,902,2534,0.356,1635,2144,0.763,1073,2663,3736,2281,1241.0,856,523,476,1803,1745,9657,669.0,https://cdn.nba.com/logos/nba/1610612765/global/L/logo.svg
1610612744,Golden State Warriors,82,37,45,0.451,3961.0,3357,7280,0.461,1286,3616,0.356,1398,1732,0.807,932,2540,3472,2369,1284.0,796,346,342,1608,1524,9398,-46.0,https://cdn.nba.com/logos/nba/1610612744/global/L/logo.svg
1610612745,Houston Rockets,82,52,30,0.634,3981.0,3523,7362,0.479,940,2580,0.364,1463,1917,0.763,1233,2713,3946,2083,1261.0,701,473,386,1501,1640,9449,428.0,https://cdn.nba.com/logos/nba/1610612745/global/L/logo.svg
1610612754,Indiana Pacers,82,19,63,0.232,3951.0,3346,7304,0.458,1097,3084,0.356,1430,1842,0.776,806,2633,3439,2269,1190.0,605,374,390,1710,1633,9219,-655.0,https://cdn.nba.com/logos/nba/1610612754/global/L/logo.svg
1610612746,LA Clippers,82,42,40,0.512,3955.998333,3322,6857,0.484,1019,2772,0.368,1666,2025,0.823,784,2545,3329,1947,1176.0,738,400,377,1549,1646,9329,93.0,https://cdn.nba.com/logos/nba/1610612746/global/L/logo.svg
1610612747,Los Angeles Lakers,82,53,29,0.646,3941.0,3448,6863,0.502,970,2701,0.359,1674,2194,0.763,774,2587,3361,2122,1188.0,701,351,283,1517,1721,9540,144.0,https://cdn.nba.com/logos/nba/1610612747/global/L/logo.svg
1610612763,Memphis Grizzlies,82,25,57,0.305,3946.0,3390,7431,0.456,1143,3241,0.353,1480,1867,0.793,916,2538,3454,2283,1236.0,723,393,434,1680,1599,9403,-493.0,https://cdn.nba.com/logos/nba/1610612763/global/L/logo.svg
1610612748,Miami Heat,82,43,39,0.524,3940.971667,3582,7648,0.468,1123,3107,0.361,1624,2051,0.792,970,2825,3795,2374,1120.0,709,349,402,1547,1668,9911,191.0,https://cdn.nba.com/logos/nba/1610612748/global/L/logo.svg
1610612749,Milwaukee Bucks,82,32,50,0.39,3951.0,3345,7012,0.477,1240,3205,0.387,1142,1564,0.73,731,2610,3341,2116,1247.0,607,326,340,1617,1443,9072,-509.0,https://cdn.nba.com/logos/nba/1610612749/global/L/logo.svg
1610612750,Minnesota Timberwolves,82,49,33,0.598,3956.0,3495,7260,0.481,1128,3049,0.37,1558,2072,0.752,907,2708,3615,2138,1214.0,717,476,337,1738,1677,9676,275.0,https://cdn.nba.com/logos/nba/1610612750/global/L/logo.svg
1610612740,New Orleans Pelicans,82,26,56,0.317,3960.971667,3455,7420,0.466,914,2635,0.347,1649,2104,0.784,1002,2596,3598,2058,1163.0,726,424,475,1634,1659,9473,-369.0,https://cdn.nba.com/logos/nba/1610612740/global/L/logo.svg
1610612752,New York Knicks,82,53,29,0.646,3951.0,3500,7328,0.478,1168,3133,0.373,1381,1743,0.792,1040,2700,3740,2250,1119.0,666,322,355,1638,1595,9549,519.0,https://cdn.nba.com/logos/nba/1610612752/global/L/logo.svg
1610612760,Oklahoma City Thunder,82,64,18,0.78,3971.0,3534,7307,0.484,1135,3111,0.365,1557,1905,0.817,784,2834,3618,2113,1031.0,796,449,358,1555,1670,9760,914.0,https://cdn.nba.com/logos/nba/1610612760/global/L/logo.svg
1610612753,Orlando Magic,82,45,37,0.549,3966.0,3363,7244,0.464,961,2799,0.343,1804,2251,0.801,898,2659,3557,2177,1162.0,697,387,441,1719,1792,9491,52.0,https://cdn.nba.com/logos/nba/1610612753/global/L/logo.svg
1610612755,Philadelphia 76ers,82,45,37,0.549,3975.998333,3422,7404,0.462,1011,2896,0.349,1647,2035,0.809,967,2611,3578,2017,1117.0,750,464,420,1667,1634,9502,-15.0,https://cdn.nba.com/logos/nba/1610612755/global/L/logo.svg
1610612756,Phoenix Suns,82,45,37,0.549,3951.0,3362,7389,0.455,1210,3348,0.361,1298,1663,0.781,1064,2471,3535,2021,1188.0,781,347,366,1691,1547,9232,120.0,https://cdn.nba.com/logos/nba/1610612756/global/L/logo.svg
1610612757,Portland Trail Blazers,82,42,40,0.512,3951.0,3350,7389,0.453,1186,3462,0.343,1583,2069,0.765,1157,2614,3771,2062,1417.0,677,448,469,1634,1804,9469,-24.0,https://cdn.nba.com/logos/nba/1610612757/global/L/logo.svg
1610612758,Sacramento Kings,82,22,60,0.268,3951.0,3408,7299,0.467,843,2476,0.34,1443,1870,0.772,943,2523,3466,2095,1175.0,658,372,386,1614,1502,9102,-820.0,https://cdn.nba.com/logos/nba/1610612758/global/L/logo.svg
1610612759,San Antonio Spurs,82,62,20,0.756,3946.0,3562,7371,0.483,1116,3108,0.359,1586,2016,0.787,935,2921,3856,2302,1103.0,617,447,374,1546,1659,9826,681.0,https://cdn.nba.com/logos/nba/1610612759/global/L/logo.svg
1610612761,Toronto Raptors,82,46,36,0.561,3955.983333,3495,7250,0.482,932,2633,0.354,1478,1922,0.769,895,2557,3452,2417,1121.0,722,395,411,1710,1622,9400,232.0,https://cdn.nba.com/logos/nba/1610612761/global/L/logo.svg
1610612762,Utah Jazz,82,22,60,0.268,3966.0,3489,7469,0.467,1036,3006,0.345,1628,2071,0.786,984,2609,3593,2429,1272.0,729,309,477,1733,1668,9642,-691.0,https://cdn.nba.com/logos/nba/1610612762/global/L/logo.svg
1610612764,Washington Wizards,82,17,65,0.207,3950.983333,3428,7409,0.463,1070,2983,0.359,1332,1738,0.766,900,2536,3436,2054,1284.0,655,452,445,1750,1465,9258,-982.0,https://cdn.nba.com/logos/nba/1610612764/global/L/logo.svg
